{
    "classification_report": {
        "non-rumours": {
            "precision": 0.7970297029702971,
            "recall": 0.8,
            "f1-score": 0.7985120892746436,
            "support": 805.0
        },
        "rumours": {
            "precision": 0.6624737945492662,
            "recall": 0.6583333333333333,
            "f1-score": 0.6603970741901777,
            "support": 480.0
        },
        "accuracy": 0.7470817120622568,
        "macro avg": {
            "precision": 0.7297517487597817,
            "recall": 0.7291666666666667,
            "f1-score": 0.7294545817324106,
            "support": 1285.0
        },
        "weighted avg": {
            "precision": 0.7467675737546592,
            "recall": 0.7470817120622568,
            "f1-score": 0.74692048830924,
            "support": 1285.0
        }
    }
}