{
    "classification_report": {
        "non-rumours": {
            "precision": 0.7869615832363213,
            "recall": 0.8397515527950311,
            "f1-score": 0.8125,
            "support": 805.0
        },
        "rumours": {
            "precision": 0.6971830985915493,
            "recall": 0.61875,
            "f1-score": 0.6556291390728477,
            "support": 480.0
        },
        "accuracy": 0.7571984435797665,
        "macro avg": {
            "precision": 0.7420723409139353,
            "recall": 0.7292507763975156,
            "f1-score": 0.7340645695364238,
            "support": 1285.0
        },
        "weighted avg": {
            "precision": 0.7534256512289356,
            "recall": 0.7571984435797665,
            "f1-score": 0.7539023243229315,
            "support": 1285.0
        }
    }
}